original_label,original_attempted_category,row_count
Botnet - Attempted,1,4067
DoS GoldenEye - Attempted,0,80
DoS Hulk - Attempted,0,579
DoS Hulk - Attempted,4,2
DoS Slowhttptest - Attempted,0,563
DoS Slowhttptest - Attempted,4,1
DoS Slowhttptest - Attempted,6,2804
DoS Slowloris - Attempted,0,1705
DoS Slowloris - Attempted,2,3
DoS Slowloris - Attempted,4,1
DoS Slowloris - Attempted,5,138
FTP-Patator - Attempted,0,10
FTP-Patator - Attempted,2,2
Infiltration - Attempted,0,42
Infiltration - Attempted,2,3
SSH-Patator - Attempted,3,27
Web Attack - Brute Force - Attempted,0,1214
Web Attack - Brute Force - Attempted,2,7
Web Attack - Brute Force - Attempted,4,71
Web Attack - SQL Injection - Attempted,0,1
Web Attack - SQL Injection - Attempted,2,4
Web Attack - XSS - Attempted,0,651
Web Attack - XSS - Attempted,2,4
