model,heldout_source,rows,malicious_rate,accuracy,precision,recall,f1,false_positive_rate,roc_auc,train_seconds,inference_seconds,tn,fp,fn,tp
Linear SVM,friday.csv,66354,0.46829128613195886,0.9859541248455255,0.9781705111527113,0.9921475235735204,0.9851094424029397,0.019500581049289985,0.99109984125108,232.87659540001187,0.1074763999786228,34593,688,244,30829
Random Forest,friday.csv,66354,0.46829128613195886,0.9922536697109443,1.0,0.9834583078556947,0.9916601765316718,0.0,0.9999370752999494,65.84869739998248,0.46565969998482615,35281,0,514,30559
Linear SVM,monday.csv,44860,0.0,0.9953633526526973,0.0,0.0,0.0,0.004636647347302719,,57.611029699997744,0.06862320000072941,44652,208,0,0
Random Forest,monday.csv,44860,0.0,0.9999777084262149,0.0,0.0,0.0,2.229157378510923e-05,,84.84495269999024,0.3406943999871146,44859,1,0,0
Linear SVM,thursday.csv,44036,0.19713416295758016,0.9120265237532927,0.9615901670827732,0.5767768690243059,0.7210541474654378,0.00565690849950502,0.5988349772562922,25.310462199995527,0.076712599984603,35155,200,3674,5007
Random Forest,thursday.csv,44036,0.19713416295758016,0.8819375056771732,0.9977129788450543,0.40202741619629073,0.5731176615485672,0.0002262763399802008,0.9988070364552107,65.04210920000332,0.32491170000866987,35347,8,5191,3490
Linear SVM,tuesday.csv,39520,0.022241902834008096,0.9723684210526315,0.0,0.0,0.0,0.005512279702906239,0.8419446897182752,60.54334750000271,0.0694124000146985,38428,213,879,0
Random Forest,tuesday.csv,39520,0.022241902834008096,0.9776568825910931,0.0,0.0,0.0,0.00010351698972593877,0.9937948100714964,77.8741774999944,0.27594450002652593,38637,4,879,0
Linear SVM,wednesday.csv,60230,0.34437987713763907,0.9521168852731197,0.9903888400702988,0.8693954295632051,0.9259563543003851,0.004431726094003241,0.9334589412105849,211.17107019998366,0.10089299999526702,39313,175,2709,18033
Random Forest,wednesday.csv,60230,0.34437987713763907,0.6556035198406109,0.0,0.0,0.0,2.532414910858995e-05,0.9960284031466233,61.33235739998054,0.41334830000414513,39487,1,20742,0
